年別,類型,觀光遊憩區,細分,縣市,縣市別,1月,2月,3月,4月,5月,6月,7月,8月,9月,10月,11月,12月,合計
2012,國家公園,玉山國家公園,塔塔加遊憩區,南投縣,10008,83806,59526,63451,71541,64384,19312,34755,17392,25217,39252,53688,50449,582773
2012,國家公園,玉山國家公園,玉山管理處遊客服務中心,南投縣,10008,13262,9460,9322,10362,10233,10338,13533,10098,9042,9670,10719,16931,132970
2012,國家公園,玉山國家公園,排雲山莊,南投縣,10008,371,80,376,1476,1511,979,1868,643,1548,2128,2173,966,14119
2012,國家級風景特定區,日月潭國家風景區,日月潭環潭區,南投縣,10008,397982,744315,541968,528040,354536,248707,490345,579880,368433,405769,383647,381721,5425343
2012,國家級風景特定區,日月潭國家風景區,水里蛇窯,南投縣,10008,11000,7181,5814,5290,6270,3639,7667,8222,3965,5356,4436,6324,75164
2012,國家級風景特定區,日月潭國家風景區,車埕,南投縣,10008,156407,120204,98164,115254,98824,81001,132816,102722,95778,122002,103825,110366,1337363
2012,直轄市及縣(市)級風景特定區, -,霧社,南投縣,10008,51349,38147,31502,39889,31263,22982,69253,48756,39059,53862,45450,51779,523291
2012,直轄市及縣(市)級風景特定區, -,東埔溫泉,南投縣,10008,19660,18137,24385,28438,29859,9856,39596,23230,19303,31770,33310,17931,295475
2012,森林遊樂區, -,奧萬大國家森林遊樂區,南投縣,10008,48877,29026,8567,7638,4988,1237,3216,0,0,13892,51773,62211,231425
2012,森林遊樂區, -,惠蓀林場,南投縣,10008,15555,13978,10911,12963,12655,9450,20680,12177,12613,22762,16679,12995,173418
2012,森林遊樂區, -,溪頭自然教育園區,南投縣,10008,90648,82678,99675,117567,119051,94663,214832,147409,129458,140280,110591,102674,1449526
2012,森林遊樂區, -,合歡山國家森林遊樂區,南投縣,10008,1907,1887,1270,1770,2623,557,1242,641,684,912,1831,2278,17602
2012,宗教場所, -,中臺禪寺,南投縣,10008,277396,218539,327312,372260,329847,274657,305355,271211,205806,286532,322589,322977,3514481
2012,其他, -,九族文化村,南投縣,10008,118554,246530,136439,119156,57209,43166,125975,167775,87639,79571,75349,85697,1343060
2012,其他, -,國立自然科學博物館鳳凰谷鳥園生態園區,南投縣,10008,18418,14103,10539,14367,10389,7820,22182,15090,11432,13375,7929,8393,154037
2012,其他, -,清境農場,南投縣,10008,102698,76293,63003,79777,62526,45964,138505,97512,78117,107724,90899,103557,1046575
2012,其他, -,行政院農業委員會特有生物研究保育中心,南投縣,10008,5617,5182,6967,8125,8531,2816,11313,6637,5515,9077,9517,5123,84420
2012,其他, -,竹山天梯風景區,南投縣,10008,27600,19322,16236,17524,16175,9889,32098,21266,23232,30354,20157,20481,254334
2012,其他, -,杉林溪森林生態渡假園區,南投縣,10008,28543,23710,55525,83357,31624,24040,73219,25183,28881,36295,29356,33687,473420
2012,其他, -,泰雅渡假村,南投縣,10008,29467,17750,24840,28368,11499,10104,21062,16886,17407,27678,23255,18280,246596
2013,國家公園,玉山國家公園,塔塔加遊憩區,南投縣,10008,58010,102555,63474,65522,55806,47415,39634,41606,51046,56146,58063,50601,689878
2013,國家公園,玉山國家公園,玉山管理處遊客服務中心,南投縣,10008,14978,9523,9128,9833,8567,10890,10853,11071,9828,12708,10034,12272,129685
2013,國家公園,玉山國家公園,排雲山莊,南投縣,10008,464,29,1232,1989,1514,3815,3133,2632,2903,3582,3803,2841,27937
2013,國家級風景特定區,日月潭國家風景區,日月潭環潭區,南投縣,10008,278025,781181,501699,405240,267023,307550,318434,347076,264556,329396,300250,293990,4394420
2013,國家級風景特定區,日月潭國家風景區,水里蛇窯,南投縣,10008,4625,11060,4578,4389,3374,4318,5658,5712,3933,3723,4565,5404,61339
2013,國家級風景特定區,日月潭國家風景區,車埕,南投縣,10008,92856,141491,104212,100181,93406,99935,103341,104348,98865,103880,107039,88205,1237759
2013,直轄市及縣(市)級風景特定區, -,霧社,南投縣,10008,33636,61304,40458,29491,30265,45293,62076,62200,37819,54999,58388,55718,571647
2013,直轄市及縣(市)級風景特定區, -,東埔溫泉,南投縣,10008,17227,20024,20598,24304,22320,16272,27104,25998,18998,32232,27717,12915,265709
2013,森林遊樂區, -,奧萬大國家森林遊樂區,南投縣,10008,16509,32095,5988,2938,2531,3587,5495,5742,4697,21694,76148,105934,283358
2013,森林遊樂區, -,惠蓀林場,南投縣,10008,10260,27600,11845,13593,11233,16876,16035,14728,16452,20788,19302,12720,191432
2013,森林遊樂區, -,溪頭自然教育園區,南投縣,10008,73932,103835,101184,97238,96658,131555,164079,142991,132001,125428,130427,88349,1387677
2013,森林遊樂區, -,合歡山國家森林遊樂區,南投縣,10008,1786,1939,1537,1773,2298,2821,3097,2655,2277,2625,2752,2426,27986
2013,宗教場所, -,中臺禪寺,南投縣,10008,238499,261143,306781,362378,287713,244992,251165,291357,258455,204898,256111,266784,3230276
2013,其他, -,九族文化村,南投縣,10008,61431,248414,125732,73767,46875,73213,67034,77647,47688,68049,65689,66204,1021743
2013,其他, -,國立自然科學博物館鳳凰谷鳥園生態園區,南投縣,10008,6961,19021,12719,9741,9171,10230,15668,16532,8710,13136,16326,11208,149423
2013,其他, -,清境農場,南投縣,10008,67272,122607,80915,58982,60530,90585,124152,124399,75638,109997,116775,111435,1143287
2013,其他, -,行政院農業委員會特有生物研究保育中心,南投縣,10008,4922,5721,5885,6944,6377,4649,7744,7428,5428,9209,7919,3690,75916
2013,其他, -,竹山天梯風景區,南投縣,10008,17633,41118,18155,9512,7516,6497,10551,12956,8226,12802,12527,10364,167857
2013,其他, -,杉林溪森林生態渡假園區,南投縣,10008,23075,57036,82845,55842,26713,32979,44695,41088,24845,32194,35707,31792,488811
2013,其他, -,泰雅渡假村,南投縣,10008,6270,14537,4414,10242,12935,7500,5877,12521,12076,8767,14548,14408,124095
2014,國家公園,玉山國家公園,塔塔加遊憩區,南投縣,10008,23433,45814,61971,56986,32070,37898,46162,55488,42999,61292,52062,46600,562775
2014,國家公園,玉山國家公園,玉山管理處遊客服務中心,南投縣,10008,14730,9810,9243,9781,9228,9695,13358,12543,9284,11083,11351,10771,130877
2014,國家公園,玉山國家公園,排雲山莊,南投縣,10008,727,6,894,3668,3675,3378,3298,3979,3380,4172,4048,2571,33796
2014,國家級風景特定區,日月潭國家風景區,日月潭環潭區,南投縣,10008,291918,1012946,508931,438334,346201,318057,365223,375908,284708,396618,374063,344967,5057874
2014,國家級風景特定區,日月潭國家風景區,水里蛇窯,南投縣,10008,3821,7897,6000,4463,3744,4380,6204,7303,4622,6153,4856,5060,64503
2014,國家級風景特定區,日月潭國家風景區,車埕,南投縣,10008,89023,109733,102777,94982,81929,86820,95056,123238,98238,124363,120709,97796,1224664
2014,直轄市及縣(市)級風景特定區, -,霧社,南投縣,10008,41050,55394,46580,49251,38131,53432,79721,86735,51836,74707,71682,65016,713535
2014,直轄市及縣(市)級風景特定區, -,東埔溫泉,南投縣,10008,18641,18697,25704,25099,24469,13797,32743,31472,15631,26492,23048,15355,271148
2014,森林遊樂區, -,奧萬大國家森林遊樂區,南投縣,10008,23479,28007,7218,5378,3445,3917,8566,8881,7789,28705,73200,73175,271760
2014,森林遊樂區, -,惠蓀林場,南投縣,10008,10372,19999,13342,15395,12644,14392,19983,19037,13511,23171,16050,10296,188192
2014,森林遊樂區, -,溪頭自然教育園區,南投縣,10008,74651,93336,102567,127221,103978,140424,208466,194221,166739,161772,128547,108600,1610522
2014,森林遊樂區, -,合歡山國家森林遊樂區,南投縣,10008,2081,2185,1924,2275,2886,2754,3141,3694,3024,3507,3216,2832,33519
2014,宗教場所, -,中臺禪寺,南投縣,10008,239801,307152,377038,393508,338318,311571,292681,266961,258763,298729,316565,344344,3745431
2014,其他, -,九族文化村,南投縣,10008,57403,199577,106378,67568,51966,51260,71461,86158,45470,66091,72306,61842,937480
2014,其他, -,國立自然科學博物館鳳凰谷鳥園生態園區,南投縣,10008,12212,19529,13331,15626,12526,11609,18628,18913,11177,13506,12094,7175,166326
2014,其他, -,清境農場,南投縣,10008,82100,110787,93160,98502,76261,106864,159441,173470,103672,149414,143363,130031,1427065
2014,其他, -,行政院農業委員會特有生物研究保育中心,南投縣,10008,5326,5342,7344,7171,6991,3942,9355,8992,4466,7569,6585,4387,77470
2014,其他, -,竹山天梯風景區,南投縣,10008,10800,22307,13364,11936,6542,9735,14104,15702,10953,15914,12836,7877,152070
2014,其他, -,天空之橋,南投縣,10008,0,0,0,0,0,0,0,0,0,0,0,0,0
2014,其他, -,杉林溪森林生態渡假園區,南投縣,10008,17240,33732,58988,67300,35039,44211,65491,64489,46027,50591,64022,26329,573459
2014,其他, -,泰雅渡假村,南投縣,10008,20811,35556,21676,21438,15334,12157,22584,15607,18856,20723,14694,17158,236594
2014,其他, -,紙教堂見學園區,南投縣,10008,0,0,0,0,0,0,0,0,0,0,0,0,0
2015,國家公園,玉山國家公園,塔塔加遊憩區,南投縣,10008,43433,61152,54853,57846,38945,49843,53847,49312,54671,58502,60641,48285,631330
2015,國家公園,玉山國家公園,玉山管理處遊客服務中心,南投縣,10008,20934,10058,8206,8834,7389,11922,13691,10018,10799,8569,12703,9219,132342
2015,國家公園,玉山國家公園,排雲山莊,南投縣,10008,1042,0,2667,3754,3888,4181,3390,3105,3893,4602,4299,3906,38727
2015,國家級風景特定區,日月潭國家風景區,日月潭環潭區,南投縣,10008,338277,762194,395314,427814,306140,252557,353017,386003,257653,385095,359131,301978,4525173
2015,國家級風景特定區,日月潭國家風景區,水里蛇窯,南投縣,10008,7326,8766,4117,6226,2366,4621,6800,6873,4527,6591,5053,4612,67878
2015,國家級風景特定區,日月潭國家風景區,車埕,南投縣,10008,129889,129264,88083,106701,78458,79244,100307,103396,95924,127310,119277,106380,1264233
2015,直轄市及縣(市)級風景特定區, -,霧社,南投縣,10008,54862,75802,49220,53862,42609,58165,81230,67532,54626,74399,77049,78849,768205
2015,直轄市及縣(市)級風景特定區, -,東埔溫泉,南投縣,10008,17353,16713,18620,28305,22964,14343,21427,20325,20528,29726,23482,12138,245924
2015,森林遊樂區, -,奧萬大國家森林遊樂區,南投縣,10008,29708,26690,6194,6017,3785,4754,8022,5567,7364,19971,71431,110187,299690
2015,森林遊樂區, -,惠蓀林場,南投縣,10008,15145,20255,9840,15236,14942,16833,20907,14678,16516,23941,21370,14721,204384
2015,森林遊樂區, -,溪頭自然教育園區,南投縣,10008,102385,97006,95283,138385,123127,167150,201895,142205,162128,161213,163039,134553,1688369
2015,森林遊樂區, -,合歡山國家森林遊樂區,南投縣,10008,2475,2910,2345,2764,3114,3442,3194,1552,1821,2316,3225,3206,32364
2015,宗教場所, -,中臺禪寺,南投縣,10008,302232,320585,267537,315720,367748,276200,270434,244546,240385,316491,311678,286832,3520388
2015,其他, -,九族文化村,南投縣,10008,57098,229095,99509,70008,41610,39777,68158,77479,41982,61344,62105,58690,906855
2015,其他, -,國立自然科學博物館鳳凰谷鳥園生態園區,南投縣,10008,11215,18416,10932,21292,13241,11808,15457,11053,10156,15322,15466,9911,164269
2015,其他, -,清境農場,南投縣,10008,109724,151604,98448,107724,85218,116329,162459,135064,109251,148677,154098,157697,1536293
2015,其他, -,行政院農業委員會特有生物研究保育中心,南投縣,10008,4958,4775,5320,8087,6561,4098,6122,5807,5865,8493,6709,3468,70263
2015,其他, -,竹山天梯風景區,南投縣,10008,16207,20398,11883,12879,7870,8719,10767,8356,9434,12107,11829,10124,140573
2015,其他, -,天空之橋,南投縣,10008,74253,97723,62518,59729,43488,41315,53886,43004,38362,52320,51229,47197,665024
2015,其他, -,杉林溪森林生態渡假園區,南投縣,10008,22492,41474,60781,82209,42915,55838,69883,50327,36750,48996,69172,41338,622175
2015,其他, -,泰雅渡假村,南投縣,10008,25960,29374,23810,20756,14450,12724,17190,13295,17596,28041,18937,19078,241211
2015,其他, -,紙教堂見學園區,南投縣,10008,35225,46601,23949,31801,24102,25909,36577,34020,24004,32630,29675,30045,374538
2016,國家公園,玉山國家公園,塔塔加遊憩區,南投縣,10008,51240,61405,48557,56881,58233,65750,76204,72615,36008,56123,59461,85401,727878
2016,國家公園,玉山國家公園,玉山管理處遊客服務中心,南投縣,10008,16377,10283,8499,8443,8130,9251,9472,10032,9181,7442,8533,17248,122891
2016,國家公園,玉山國家公園,排雲山莊,南投縣,10008,6,100,290,3077,4851,4625,2399,4700,3098,5717,4830,4577,38270
2016,國家級風景特定區,日月潭國家風景區,日月潭環潭區,南投縣,10008,291780,625734,486469,373632,254981,182048,412146,269208,135966,246651,228544,220669,3727828
2016,國家級風景特定區,日月潭國家風景區,水里蛇窯,南投縣,10008,4828,8082,1595,4690,3091,4213,6268,5727,3602,3831,3624,4782,54333
2016,國家級風景特定區,日月潭國家風景區,車埕,南投縣,10008,97052,139812,88271,110979,98537,90135,104218,97751,88294,124232,109370,121319,1269970
2016,直轄市及縣(市)級風景特定區, -,霧社,南投縣,10008,49728,73111,45064,54007,48591,53062,82219,75359,40002,64429,66140,81436,733148
2016,直轄市及縣(市)級風景特定區, -,東埔溫泉,南投縣,10008,13769,13181,15939,17889,23258,8225,21179,20325,14168,26030,22859,10014,206836
2016,森林遊樂區, -,奧萬大國家森林遊樂區,南投縣,10008,25917,29202,8285,6865,5162,5122,13058,8583,4081,14889,50615,94402,266181
2016,森林遊樂區, -,惠蓀林場,南投縣,10008,11272,20732,8951,13944,14066,15273,24341,17449,11628,16386,15304,13044,182390
2016,森林遊樂區, -,溪頭自然教育園區,南投縣,10008,75622,94018,83521,129408,147886,160346,210661,181167,135784,148066,129238,130313,1626030
2016,森林遊樂區, -,合歡山國家森林遊樂區,南投縣,10008,2692,2304,1991,2738,3825,2247,2303,3480,2196,3180,3387,3257,33600
2016,宗教場所, -,中臺禪寺,南投縣,10008,254909,265621,310960,59596,235693,174945,168967,121489,116694,145181,158190,165325,2177570
2016,其他, -,九族文化村,南投縣,10008,45987,177274,112549,73908,47279,34991,118871,75173,33358,50634,54447,58332,882803
2016,其他, -,國立自然科學博物館鳳凰谷鳥園生態園區,南投縣,10008,8693,19922,7992,15402,12717,9759,17756,14341,8545,12856,9292,9940,147215
2016,其他, -,清境農場,南投縣,10008,99079,146222,90128,108013,101907,106721,164937,150717,80004,128858,132279,162872,1471737
2016,其他, -,行政院農業委員會特有生物研究保育中心,南投縣,10008,3934,3766,4554,5111,6645,2350,6051,4905,4048,7437,6531,2861,58193
2016,其他, -,竹山天梯風景區,南投縣,10008,7128,15529,5702,8948,6284,5261,8639,7463,4112,7235,6817,7755,90873
2016,其他, -,天空之橋,南投縣,10008,34700,74250,29372,41916,33696,28344,41172,37200,26002,13901,0,0,360553
2016,其他, -,杉林溪森林生態渡假園區,南投縣,10008,23349,43890,42494,76946,47297,55426,80957,64588,33203,50404,45757,41107,605418
2016,其他, -,泰雅渡假村,南投縣,10008,23056,26188,22122,20785,9582,7858,11847,10046,14005,18937,12175,10626,187227
2016,其他, -,紙教堂見學園區,南投縣,10008,22393,37675,18076,24339,21619,21927,31299,29590,16343,23663,21799,24425,293148
2017,國家公園,玉山國家公園,塔塔加遊憩區,南投縣,10008,70775,58918,45162,54127,54432,27781,62427,58894,38800,59142,64086,80962,675506
2017,國家公園,玉山國家公園,玉山管理處遊客服務中心,南投縣,10008,13886,9741,9308,7180,7726,7253,9666,6857,7173,7401,9040,7625,102856
2017,國家公園,玉山國家公園,排雲山莊,南投縣,10008,1795,28,3301,5445,5900,3411,5128,5059,5063,6601,5805,4700,52236
2017,國家級風景特定區,日月潭國家風景區,日月潭環潭區,南投縣,10008,250110,584400,450477,258924,207796,129015,201971,281890,130743,266091,219304,223242,3203963
2017,國家級風景特定區,日月潭國家風景區,水里蛇窯,南投縣,10008,5903,6381,2808,4710,3717,4707,4436,5023,2485,4521,3669,3781,52141
2017,國家級風景特定區,日月潭國家風景區,車埕,南投縣,10008,123557,114298,99504,125903,115434,61538,98576,103626,81968,124916,110042,117185,1276547
2017,直轄市及縣(市)級風景特定區, -,霧社,南投縣,10008,62683,64420,47591,56565,53854,37103,75091,87162,52939,72070,65626,54200,729304
2017,直轄市及縣(市)級風景特定區, -,東埔溫泉,南投縣,10008,13703,14795,12838,18550,18064,9552,22222,24385,15992,25120,16860,11788,203869
2017,森林遊樂區, -,奧萬大國家森林遊樂區,南投縣,10008,37197,24040,8351,7589,5920,162,9917,9375,6108,14511,45757,83719,252646
2017,森林遊樂區, -,惠蓀林場,南投縣,10008,18487,12810,10785,17131,15593,6487,17659,20599,13037,17993,12287,13347,176215
2017,森林遊樂區, -,溪頭自然教育園區,南投縣,10008,104863,89551,101814,118872,133609,108287,197042,203649,174717,162805,134901,139931,1670041
2017,森林遊樂區, -,合歡山國家森林遊樂區,南投縣,10008,2701,2530,2052,2859,3782,2230,3707,3849,1346,3219,3404,3176,34855
2017,宗教場所, -,中臺禪寺,南投縣,10008,132770,128701,136127,125372,118188,104590,110438,104612,101211,131551,155550,147853,1496963
2017,其他, -,九族文化村,南投縣,10008,66422,202095,150055,73111,57211,29282,51872,79428,27818,56660,48330,51443,893727
2017,其他, -,國立自然科學博物館鳳凰谷鳥園生態園區,南投縣,10008,12943,12482,7234,15059,12048,5241,14250,17861,9190,14529,10301,10199,141337
2017,其他, -,清境農場,南投縣,10008,125366,128840,95182,113130,107708,74206,150182,174269,102602,153658,138642,160240,1524025
2017,其他, -,行政院農業委員會特有生物研究保育中心,南投縣,10008,3915,4227,3668,5300,5161,2729,6349,6967,4569,7177,4817,3368,58247
2017,其他, -,竹山天梯風景區,南投縣,10008,9367,10101,4557,7786,7421,1998,6227,7318,4656,8542,5187,6405,79565
2017,其他, -,天空之橋,南投縣,10008,27346,45110,24392,34722,30567,13241,23630,25371,16611,25473,21223,27587,315273
2017,其他, -,杉林溪森林生態渡假園區,南投縣,10008,39114,37499,51899,68697,47352,33409,88099,72729,39954,47400,60435,54131,640718
2017,其他, -,泰雅渡假村,南投縣,10008,19042,50076,11802,16132,5287,7134,5747,7051,8985,12340,10019,10084,163699
2017,其他, -,紙教堂見學園區,南投縣,10008,27781,28586,14374,21730,21403,12594,24106,26142,13371,21682,15739,19418,246926
2018,國家公園,玉山國家公園,塔塔加遊憩區,南投縣,10008,64502,33911,51136,56037,50017,40728,44841,42422,43306,42754,32886,39888,542428
2018,國家公園,玉山國家公園,玉山管理處遊客服務中心,南投縣,10008,11857,8459,5983,8302,6585,6388,8756,8591,6803,6103,7703,2195,87725
2018,國家公園,玉山國家公園,排雲山莊,南投縣,10008,693,7,2912,5727,6222,5402,5837,5319,5457,6305,5404,5167,54452
2018,國家級風景特定區,日月潭國家風景區,日月潭環潭區,南投縣,10008,184018,471635,352612,286810,268972,182830,242121,252090,258770,286201,286733,288320,3361112
2018,國家級風景特定區,日月潭國家風景區,水里蛇窯,南投縣,10008,1784,5035,2521,4715,2781,2258,0,3388,1879,2042,1406,2510,30319
2018,國家級風景特定區,日月潭國家風景區,車埕,南投縣,10008,103944,108815,99478,137678,93767,90764,93395,79292,91965,98794,97266,115396,1210554
2018,直轄市及縣(市)級風景特定區, -,東埔溫泉,南投縣,10008,11330,11043,15600,21347,19467,12495,23335,20062,11414,19236,18946,12219,196494
2018,森林遊樂區, -,奧萬大國家森林遊樂區,南投縣,10008,18154,17173,6439,6650,4625,6259,8989,6542,4587,15543,36272,61506,192739
2018,森林遊樂區, -,惠蓀林場,南投縣,10008,7708,12051,7611,15411,15634,13849,17273,13350,13080,15354,11359,16960,159640
2018,森林遊樂區, -,溪頭自然教育園區,南投縣,10008,96615,69300,117298,149853,178079,159213,195008,162079,165020,156055,142045,132915,1723480
2018,森林遊樂區, -,合歡山國家森林遊樂區,南投縣,10008,2189,2465,2507,3017,4064,2965,3331,3338,2309,3341,3187,2961,35674
2018,宗教場所, -,中臺禪寺,南投縣,10008,103501,118129,109681,120135,99233,87894,86293,73700,71506,82748,84841,89332,1126993
2018,其他, -,九族文化村,南投縣,10008,39567,152791,115520,83657,49399,34776,47833,47096,27881,43079,49051,49678,740328
2018,其他, -,國立自然科學博物館鳳凰谷鳥園生態園區,南投縣,10008,6944,12299,14501,20552,14669,10517,15530,11940,9913,10357,9526,12998,149746
2018,其他, -,清境農場,南投縣,10008,80863,116274,99898,112255,78588,95357,129108,128487,81546,117887,115898,148423,1304584
2018,其他, -,行政院農業委員會特有生物研究保育中心,南投縣,10008,3237,3155,4457,6099,5562,3570,6667,5732,3261,5496,5413,3491,56140
2018,其他, -,竹山天梯風景區,南投縣,10008,3797,6539,4716,7128,481,0,0,0,0,0,0,0,22661
2018,其他, -,天空之橋,南投縣,10008,18423,28274,21573,27996,15672,13477,18528,14997,13276,17560,17005,22388,229169
2018,其他, -,杉林溪森林生態渡假園區,南投縣,10008,17071,30633,52600,81968,55539,62459,72548,50517,39135,40824,61959,40577,605830
2018,其他, -,泰雅渡假村,南投縣,10008,11798,16436,8266,12439,4870,4713,4814,4595,5522,10320,5986,10607,100366
2018,其他, -,紙教堂見學園區,南投縣,10008,12012,20501,11480,21223,11189,11657,21583,22491,15570,14978,11915,19001,193600
2018,其他, -,清境高空觀景步道,南投縣,10008,0,0,0,0,0,0,0,0,0,0,0,0,0
2019,國家公園,玉山國家公園,塔塔加遊憩區,南投縣,10008,27352,34907,35222,35030,20767,34606,35373,22122,51528,70039,61916,48972,477834
2019,國家公園,玉山國家公園,玉山管理處遊客服務中心,南投縣,10008,11190,11363,9086,8806,10814,9319,10718,9276,7502,9474,8179,9109,114836
2019,國家公園,玉山國家公園,排雲山莊,南投縣,10008,1987,3,3977,5544,5068,5870,5692,4385,6243,6903,6832,5620,58124
2019,國家級風景特定區,日月潭國家風景區,日月潭環潭區,南投縣,10008,240123,631903,563969,464819,359117,281654,402630,356557,315466,368067,458879,323656,4766840
2019,國家級風景特定區,日月潭國家風景區,水里蛇窯,南投縣,10008,1581,3890,2297,2369,1522,1480,2992,1949,2135,2700,1662,2026,26603
2019,國家級風景特定區,日月潭國家風景區,車埕,南投縣,10008,93601,123628,110833,113979,78147,101633,107435,84279,107074,117613,115908,118749,1272879
2019,直轄市及縣(市)級風景特定區, -,東埔溫泉,南投縣,10008,11036,10126,13115,16492,18337,12149,21277,17301,14515,30142,16090,9912,190492
2019,森林遊樂區, -,奧萬大國家森林遊樂區,南投縣,10008,13527,16745,8152,4581,2305,11713,7852,3816,6385,16970,38017,50734,180797
2019,森林遊樂區, -,惠蓀林場,南投縣,10008,10493,19663,12164,13843,8537,11999,14262,7152,16140,16455,13920,10082,154710
2019,森林遊樂區, -,溪頭自然教育園區,南投縣,10008,98746,101280,123878,135712,121009,151264,202561,139557,195241,185369,161793,129593,1746003
2019,森林遊樂區, -,合歡山國家森林遊樂區,南投縣,10008,2390,2387,2302,2921,2890,2654,3306,2320,3037,3489,3030,2805,33531
2019,宗教場所, -,中臺禪寺,南投縣,10008,74051,88787,134339,133101,129263,106497,92228,70462,41660,42506,50436,44609,1007939
2019,其他, -,九族文化村,南投縣,10008,42934,144130,117395,87460,62756,50233,79171,70146,75740,79371,95653,73313,978302
2019,其他, -,國立自然科學博物館鳳凰谷鳥園生態園區,南投縣,10008,8355,14550,10121,13003,9975,14126,15291,10560,11916,14785,12048,9382,144112
2019,其他, -,清境農場,南投縣,10008,96069,140822,103609,102101,69933,95161,133219,101806,83626,118380,123630,128542,1296898
2019,其他, -,行政院農業委員會特有生物研究保育中心,南投縣,10008,3153,2893,3747,4712,5239,3471,6079,4943,4147,8612,4597,2832,54425
2019,其他, -,竹山天梯風景區,南投縣,10008,0,0,0,0,0,0,0,0,0,0,0,0,0
2019,其他, -,天空之橋,南投縣,10008,15006,28499,17067,16535,10784,12763,13516,11738,14696,19004,17229,15126,191963
2019,其他, -,杉林溪森林生態渡假園區,南投縣,10008,26065,47584,57326,69108,34640,68515,77102,36579,48196,58243,83854,40672,647884
2019,其他, -,泰雅渡假村,南投縣,10008,5537,8310,5842,10631,5424,5629,4166,4286,5199,9706,8861,7485,81076
2019,其他, -,紙教堂見學園區,南投縣,10008,12382,21108,13782,14382,7939,13374,19828,16231,13547,17894,15102,13003,178572
2019,其他, -,清境高空觀景步道,南投縣,10008,37780,52288,39660,39721,27283,37912,53415,39735,39735,54191,46480,73342,541542
2020,國家公園,玉山國家公園,塔塔加遊憩區,南投縣,10008,51931,46890,48327,47220,50851,78256,96966,68315,58332,79345,63976,60554,750963
2020,國家公園,玉山國家公園,玉山管理處遊客服務中心,南投縣,10008,13130,6426,5554,5946,6291,8255,10560,14369,10399,15137,17943,13099,127109
2020,國家公園,玉山國家公園,排雲山莊,南投縣,10008,2256,1090,3061,4707,4306,6707,6999,6828,6596,7631,7598,6497,64276
2020,國家級風景特定區,日月潭國家風景區,日月潭環潭區,南投縣,10008,279692,486382,172103,65845,73300,236161,549567,641176,238516,252805,283130,195726,3474403
2020,國家級風景特定區,日月潭國家風景區,車埕,南投縣,10008,111240,71339,54643,60236,60201,95353,89060,107379,101859,142713,116893,106185,1117101
2020,直轄市及縣(市)級風景特定區,-,東埔溫泉,南投縣,10008,12243,14753,4949,11742,11054,19593,25471,24926,18501,36561,29130,12051,220974
2020,森林遊樂區,-,奧萬大國家森林遊樂區,南投縣,10008,15750,18497,6296,5724,4624,6722,17408,12833,7739,21421,56324,72058,245396
2020,森林遊樂區,-,惠蓀林場,南投縣,10008,10749,10954,6611,7958,8545,15612,17117,17954,13233,18359,13273,11238,151603
2020,森林遊樂區,-,溪頭自然教育園區,南投縣,10008,92091,93097,91118,81190,111620,180437,234411,189146,179940,175803,153345,128186,1710384
2020,森林遊樂區,-,合歡山國家森林遊樂區,南投縣,10008,2375,2260,2396,2313,2141,3070,3560,3448,3250,3367,3070,2668,33918
2020,宗教場所,-,中臺禪寺,南投縣,10008,26033,8480,4844,4340,5148,8509,10856,11943,14412,14153,12751,10742,132211
2020,其他,-,九族文化村,南投縣,10008,64408,122606,44129,16072,18216,60554,140812,164404,55561,55155,54777,49417,846111
2020,其他,-,國立自然科學博物館鳳凰谷鳥園生態園區,南投縣,10008,9448,11286,13408,14592,15339,19619,22950,24338,13647,24674,18195,13182,200678
2020,其他,-,清境農場,南投縣,10008,103628,86703,51273,38401,40787,78014,111686,119974,70479,103681,86968,76605,968199
2020,其他,-,行政院農業委員會特有生物研究保育中心,南投縣,10008,3498,4215,1414,0,3156,4762,7492,6924,5286,10446,8323,3443,58959
2020,其他,-,竹山天梯風景區,南投縣,10008,0,0,0,0,0,0,0,0,0,0,0,0,0
2020,其他,-,天空之橋,南投縣,10008,20424,18335,11895,12954,10508,12098,12124,13690,10147,18398,15059,11990,167622
2020,其他,-,杉林溪森林生態渡假園區,南投縣,10008,29043,36584,34666,23992,25611,87004,116530,86922,53618,67239,99397,53635,714241
2020,其他,-,泰雅渡假村,南投縣,10008,8837,2992,849,1730,689,2214,1669,4442,4289,7681,4192,5044,44628
2020,其他,-,紙教堂見學園區,南投縣,10008,18779,14745,6209,6483,6913,12095,15061,19229,11363,16283,12595,9354,149109
2020,其他,-,清境高空觀景步道,南投縣,10008,32347,28255,14910,14405,27951,49523,70465,77709,39998,59707,53789,40050,509109
2021,國家公園,玉山國家公園,塔塔加遊憩區,南投縣,10008,57816,68858,64606,64482,51361,14145,17509,28293,47107,66647,59182,63887,480824
2021,國家公園,玉山國家公園,玉山管理處遊客服務中心,南投縣,10008,20647,12426,9732,11425,16145,0,122,1423,2624,4334,6729,7013,78878
2021,國家公園,玉山國家公園,排雲山莊,南投縣,10008,3164,3574,5019,7271,3650,34,14,1420,2706,4269,4842,5533,31121
2021,國家級風景特定區,日月潭國家風景區,日月潭環潭區,南投縣,10008,132709,566576,473810,223321,65533,0,18615,93487,71826,162146,53180,49151,1808023
2021,國家級風景特定區,日月潭國家風景區,車埕,南投縣,10008,115471,118377,105466,115984,47043,595,3677,15121,37629,75220,272386,313599,634583
2021,直轄市及縣(市)級風景特定區,-,東埔溫泉,南投縣,10008,15834,18270,14228,25816,8505,744,1443,4518,15120,29936,40683,39930,134414
2021,森林遊樂區,-,奧萬大國家森林遊樂區,南投縣,10008,19292,20179,9056,6066,3388,738,2606,3634,5969,13191,13956,18794,84119
2021,森林遊樂區,-,惠蓀林場,南投縣,10008,9553,15930,8713,12469,5693,0,2561,5624,10009,15924,34631,59266,86476
2021,森林遊樂區,-,溪頭自然教育園區,南投縣,10008,103691,87330,130477,147719,81988,0,9989,72945,127233,140169,15096,12429,901541
2021,森林遊樂區,-,合歡山國家森林遊樂區,南投縣,10008,2193,2380,2462,3066,1827,0,482,1107,1687,2057,147699,135629,17261
2021,宗教場所,-,中臺禪寺,南投縣,10008,8917,14469,9907,9845,3906,0,0,0,0,0,37968,60205,47044
2021,其他,-,九族文化村,南投縣,10008,34028,144828,121039,54762,16130,0,4773,23971,18417,39781,61336,48377,457729
2021,其他,-,國立自然科學博物館鳳凰谷鳥園生態園區,南投縣,10008,14741,24305,18261,22583,11568,0,3088,8993,12864,22575,685814,400617,138978
2021,其他,-,清境農場,南投縣,10008,71949,101426,58527,62418,29131,0,18498,57414,60470,79352,21183,17996,539185
2021,其他,-,行政院農業委員會特有生物研究保育中心,南投縣,10008,4524,5220,4065,7376,2430,0,0,3441,4320,8553,60295,51316,39929
2021,其他,-,竹山天梯風景區,南投縣,10008,0,0,0,0,0,0,0,0,0,0,5965,4290,0
2021,其他,-,天空之橋,南投縣,10008,14256,22367,12080,12714,4539,0,989,5699,7626,13279,5801,4951,93549
2021,其他,-,杉林溪森林生態渡假園區,南投縣,10008,26345,39979,72062,83099,29550,0,9423,20257,30162,49552,128637,74332,360429
2021,其他,-,泰雅渡假村,南投縣,10008,5399,5890,572,2622,200,0,2,333,190,2455,11807,3584,17663
2021,其他,-,紙教堂見學園區,南投縣,10008,10745,16465,7889,10208,3914,0,934,6177,6504,10141,12667,11672,72977
2021,其他,-,清境高空觀景步道,南投縣,10008,28078,36871,25126,27919,13339,0,5163,19186,19964,28032,35645,35079,203678
2022,國家公園,-,塔塔加遊憩區,南投縣,10008,53805,53650,50503,54448,28376,51825,74884,66486,43477,66930,66468,58534,669386
2022,國家公園,-,玉山管理處遊客服務中心,南投縣,10008,12002,4817,4805,3826,2427,2844,4013,3743,3565,4529,3810,5271,55652
2022,國家級風景特定區,-,八卦山風景區(南投地區),南投縣,10008,75400,84801,86228,64954,59270,54169,82754,81790,58463,76587,44111,44096,812623
2022,國家級風景特定區,-,日月潭環潭區,南投縣,10008,190230,558367,384485,177944,42308,48188,340158,553141,224567,303441,311114,218944,3352887
2022,國家級風景特定區,-,車埕,南投縣,10008,80484,87663,71113,49855,22326,28531,53363,52657,58558,76886,66434,77059,724929
2022,直轄市及縣(市)級風景特定區,-,東埔溫泉,南投縣,10008,14571,16940,16870,16387,5243,6808,25193,26586,16789,17273,24826,10710,198196
2022,森林遊樂區,-,奧萬大國家森林遊樂區,南投縣,10008,33869,19853,10471,6488,4368,2989,11201,7659,5552,13844,32878,49233,198405
2022,森林遊樂區,-,惠蓀林場,南投縣,10008,9010,12441,9418,9301,4038,6229,13988,13568,10844,14108,10734,10416,124095
2022,森林遊樂區,-,溪頭自然教育園區,南投縣,10008,83870,79494,117015,101027,53811,89887,179605,177151,157514,151151,142810,134323,1467658
2022,宗教場所,-,中臺禪寺,南投縣,10008,0,0,0,0,0,0,0,0,0,0,0,0,0
2022,其他,-,九族文化村,南投縣,10008,48777,143171,98586,43301,9405,12356,87220,141831,52784,67126,72337,53319,830213
2022,其他,-,國立自然科學博物館鳳凰谷鳥園生態園區,南投縣,10008,14759,23908,15673,18154,7484,15331,29796,25792,15065,19934,16092,14430,216418
2022,其他,-,清境農場,南投縣,10008,62844,92438,62799,55108,19845,45031,104337,107426,58288,74211,73397,85775,841499
2022,其他,-,行政院農業委員會特有生物研究保育中心,南投縣,10008,4163,4840,4820,4682,1498,1945,7198,7596,4797,4935,7093,3060,56627
2022,其他,-,竹山天梯風景區,南投縣,10008,2704,5223,2663,2761,838,1494,2652,2091,1624,2438,1924,1620,28032
2022,其他,-,天空之橋,南投縣,10008,9139,16441,8616,8357,4002,5111,8859,8793,6867,10775,8499,7538,102997
2022,其他,-,杉林溪森林生態渡假園區,南投縣,10008,29538,59924,68650,55728,15137,51795,85181,77064,53773,70076,106326,66422,739614
2022,其他,-,泰雅渡假村,南投縣,10008,1568,1621,1650,3317,72,459,1010,5466,2521,7760,3874,5983,35301
2022,其他,-,桃米社區,南投縣,10008,8359,12537,7223,8359,3308,4389,10895,11912,6843,9716,7370,7914,98825
2022,其他,-,清境高空觀景步道,南投縣,10008,21215,25389,22738,20135,8362,13997,32319,36092,23094,30247,28309,31505,293402
2023,國家公園,-,塔塔加遊憩區,南投縣,10008,59370,51336,55614,59633,48063,55010,57581,34340,36349,53123,74990,69964,655373
2023,國家公園,-,玉山管理處遊客服務中心,南投縣,10008,5931,8036,4446,4557,4790,4705,5040,3314,2928,3778,4489,4248,56262
2023,國家級風景特定區,-,八卦山風景區(南投地區),南投縣,10008,85016,50118,76574,68511,44856,45559,46560,47901,50809,52267,47858,51054,667083
2023,國家級風景特定區,-,日月潭環潭區,南投縣,10008,353344,550134,377220,282251,157843,200897,214742,197200,240921,203172,290600,259331,3327655
2023,國家級風景特定區,-,車埕,南投縣,10008,89777,72541,58679,76830,55432,55337,56206,47051,55064,73743,72961,81856,795477
2023,直轄市及縣(市)級風景特定區,-,東埔溫泉,南投縣,10008,17567,15628,14928,30405,16734,17514,27255,26317,17231,21494,21924,12100,239097
2023,森林遊樂區,-,奧萬大國家森林遊樂區,南投縣,10008,25654,14434,5963,6420,3255,4043,11534,345,0,15,330,712,72705
2023,森林遊樂區,-,惠蓀林場,南投縣,10008,13820,10492,8762,13347,8839,11390,12887,6457,9209,13416,10627,11116,130362
2023,森林遊樂區,-,溪頭自然教育園區,南投縣,10008,87491,115020,127511,130825,139671,148849,171728,164521,117819,138005,141646,120427,1603513
2023,宗教場所,-,中臺禪寺,南投縣,10008,0,0,0,0,0,2505,6636,5409,6541,12037,11311,12225,56664
2023,其他,-,九族文化村,南投縣,10008,90601,141060,96082,69122,38982,51512,55062,50564,55467,39788,68359,61367,817966
2023,其他,-,國立自然科學博物館鳳凰谷鳥園生態園區,南投縣,10008,20516,18290,11956,23652,13071,14265,19004,12991,11001,16317,15522,12198,188783
2023,其他,-,清境農場,南投縣,10008,99468,95350,79847,86630,53510,68970,82633,22371,35186,66635,81032,95846,867478
2023,其他,-,行政院農業委員會特有生物研究保育中心,南投縣,10008,5019,4465,4265,7687,4781,5004,7787,7519,4923,6141,6264,3457,67312
2023,其他,-,竹山天梯風景區,南投縣,10008,2697,2776,1393,2002,827,1219,1253,569,579,1413,1197,1153,17078
2023,其他,-,天空之橋,南投縣,10008,14900,10528,6751,9961,6040,5706,5548,5113,5228,8840,8252,9377,96244
2023,其他,-,杉林溪森林生態渡假園區,南投縣,10008,43518,64570,80830,80989,55033,79843,84572,51180,42828,59630,115130,73077,831200
2023,其他,-,泰雅渡假村,南投縣,10008,4252,2946,3709,2488,782,1970,3797,2172,5901,6973,9576,6301,50867
2023,其他,-,桃米社區,南投縣,10008,9102,6435,4393,8036,4964,6082,7257,5651,3962,7312,6085,5727,75006
2023,其他,-,清境高空觀景步道,南投縣,10008,30864,26147,25944,30529,26315,26098,29674,7671,12961,19954,27080,29589,292826
